Table ID,Sequence Number
B00001,0001
B00002,0001
B01001,0002
B01001A,0002
B01001B,0002
B01001C,0002
B01001D,0002
B01001E,0002
B01001F,0002
B01001G,0003
B01001H,0003
B01001I,0003
B01002,0003
B01002A,0003
B01002B,0003
B01002C,0003
B01002D,0003
B01002E,0003
B01002F,0003
B01002G,0003
B01002H,0003
B01002I,0003
B01003,0003
C01001A,0003
C01001B,0003
C01001C,0003
C01001D,0003
C01001E,0003
C01001F,0003
C01001G,0003
C01001H,0003
C01001I,0003
B02001,0004
B02003,0004
B02008,0004
B02009,0004
B02010,0004
B02011,0004
B02012,0004
B02013,0004
B02014,0004
B02015,0004
B02016,0004
C02003,0004
C02014,0004
C02015,0004
C02016,0004
B02017,0005
B02018,0005
B02019,0005
B03001,0006
B03002,0006
B03003,0006
C03001,0006
C03002,0006
B04001,0007
C04001,0007
B04002,0008
C04002,0008
B04003,0009
C04003,0009
B04004,0010
C04004,0010
B04005,0011
C04005,0011
B04006,0012
B04007,0012
C04006,0012
C04007,0012
B05001,0013
B05001PR,0013
B05002,0013
B05003,0013
B05003A,0013
B05003B,0013
B05003C,0013
B05003D,0013
B05003E,0013
B05003F,0013
B05003G,0013
C05001,0013
C05002,0013
B05003H,0014
B05003I,0014
B05004,0014
B05005,0014
C05003,0014
C05003A,0014
C05003B,0014
C05003C,0014
C05003D,0014
C05003E,0014
C05003F,0014
C05003G,0014
C05003H,0014
C05003I,0014
C05005,0014
B05005PR,0015
B05006,0015
C05005PR,0015
B05006PR,0016
B05007,0016
C05006,0016
B05008,0017
B05009,0017
C05007,0017
C05008,0017
C05009,0017
B05010,0018
B05011,0018
B05012,0018
B05012PR,0018
C05010,0018
C05011,0018
B06001,0019
B06001PR,0019
B06002,0019
B06002PR,0019
B06003,0019
C06001,0019
C06001PR,0019
C06003,0019
B06003PR,0020
B06004A,0020
B06004APR,0020
B06004B,0020
B06004BPR,0020
B06004C,0020
B06004CPR,0020
B06004D,0020
B06004DPR,0020
B06004E,0020
B06004EPR,0020
B06004F,0020
B06004FPR,0020
B06004G,0020
B06004GPR,0020
B06004H,0020
B06004HPR,0020
B06004I,0020
B06004IPR,0020
B06007,0020
B06007PR,0020
C06003PR,0020
C06007,0020
B06008,0021
B06008PR,0021
B06009,0021
B06009PR,0021
C06007PR,0021
C06008,0021
C06008PR,0021
B06010,0022
B06010PR,0022
B06011,0022
B06011PR,0022
B06012,0022
B06012PR,0022
C06010PR,0022
B07001,0023
C07001,0023
B07001PR,0024
B07002,0024
B07002PR,0024
B07003,0024
B07003PR,0024
B07004A,0024
B07004B,0024
B07004C,0024
B07004D,0024
B07004E,0024
B07004F,0024
C07001PR,0024
B07004APR,0025
B07004BPR,0025
B07004CPR,0025
B07004DPR,0025
B07004EPR,0025
B07004FPR,0025
B07004G,0025
B07004GPR,0025
B07004H,0025
B07004HPR,0025
B07004I,0025
B07004IPR,0025
B07007,0025
B07007PR,0025
B07008,0025
B07008PR,0025
C07008,0025
B07009,0026
B07009PR,0026
B07010,0026
B07010PR,0026
B07011,0026
C07008PR,0026
B07011PR,0027
B07012,0027
B07012PR,0027
B07013,0027
B07013PR,0027
B07101,0027
B07201,0027
B07201PR,0027
B07202,0027
C07201,0027
C07201PR,0027
C07202,0027
B07202PR,0028
B07203,0028
B07203PR,0028
B07204,0028
B07204PR,0028
C07203,0028
C07204,0028
C07204PR,0028
B07401,0029
B07401PR,0029
C07401,0029
B07402,0030
B07402PR,0030
B07403,0030
B07403PR,0030
B07404A,0030
B07404APR,0030
B07404B,0030
B07404BPR,0030
B07404C,0030
B07404CPR,0030
B07404D,0030
B07404DPR,0030
B07404E,0030
B07404EPR,0030
B07404F,0030
B07404FPR,0030
B07404G,0030
B07404GPR,0030
B07404H,0030
B07404HPR,0030
B07404I,0030
B07404IPR,0030
B07407,0030
B07407PR,0030
C07401PR,0030
B07408,0031
B07408PR,0031
B07409,0031
B07409PR,0031
B07410,0031
C07408,0031
C07408PR,0031
B07410PR,0032
B07411,0032
B07411PR,0032
B07412,0032
B07412PR,0032
B07413,0032
B07413PR,0032
B08006,0033
B08007,0033
B08008,0033
B08009,0033
B08011,0033
C08006,0033
C08007,0033
C08011,0033
B08012,0034
B08013,0034
B08014,0034
B08015,0034
B08016,0034
B08017,0034
B08018,0034
B08101,0034
C08012,0034
C08014,0034
C08016,0034
C08017,0034
C08018,0034
B08103,0035
B08105A,0035
B08105B,0035
B08105C,0035
B08105D,0035
B08105E,0035
B08105F,0035
B08105G,0035
B08105H,0035
B08105I,0035
B08111,0035
C08101,0035
C08105A,0035
C08105B,0035
C08105C,0035
C08105D,0035
C08105E,0035
C08105F,0035
C08105G,0035
C08105H,0035
C08105I,0035
C08111,0035
B08113,0036
B08119,0036
B08121,0036
B08122,0036
C08113,0036
C08119,0036
B08124,0037
B08126,0037
C08122,0037
C08124,0037
B08128,0038
B08130,0038
C08126,0038
C08128,0038
C08130,0038
B08131,0039
B08132,0039
B08133,0039
C08132,0039
C08133,0039
B08134,0040
B08135,0040
B08136,0040
B08137,0040
C08134,0040
C08136,0040
C08137,0040
B08141,0041
B08201,0041
B08202,0041
B08203,0041
B08301,0041
C08141,0041
C08201,0041
C08202,0041
C08203,0041
C08301,0041
B08302,0042
B08303,0042
C08302,0042
C08303,0042
B08406,0043
B08412,0043
B08501,0043
C08406,0043
C08412,0043
B08503,0044
B08505A,0044
B08505B,0044
B08505C,0044
B08505D,0044
B08505E,0044
B08505F,0044
B08505G,0044
B08505H,0044
B08505I,0044
B08511,0044
C08501,0044
C08505A,0044
C08505B,0044
C08505C,0044
C08505D,0044
C08505E,0044
C08505F,0044
C08505G,0044
C08505H,0044
C08505I,0044
C08511,0044
B08513,0045
B08519,0045
B08521,0045
B08522,0045
C08513,0045
C08519,0045
B08524,0046
B08526,0046
C08522,0046
C08524,0046
B08528,0047
C08526,0047
C08528,0047
B08532,0048
C08532,0048
B08534,0049
B08536,0049
B08537,0049
C08534,0049
C08536,0049
C08537,0049
B08541,0050
B08601,0050
B08602,0050
B08603,0050
B08604,0050
C08541,0050
C08601,0050
C08602,0050
C08603,0050
B09001,0051
B09002,0051
B09005,0051
B09008,0051
B09010,0051
B09018,0051
B09019,0051
B09020,0051
C09008,0051
C09019,0051
B10001,0052
B10002,0052
B10010,0052
B10050,0052
B10051,0052
B10051A,0052
B10051B,0052
B10051C,0052
B10051D,0052
B10051E,0052
B10051F,0052
B10051G,0052
B10051H,0052
B10051I,0052
B10052,0052
B10053,0052
B10054,0052
B10056,0052
B10057,0052
B10058,0052
B10059,0052
B10060,0052
B10061,0052
B10063,0052
B11001,0053
B11001A,0053
B11001B,0053
B11001C,0053
B11001D,0053
B11001E,0053
B11001F,0053
B11001G,0053
B11001H,0053
B11001I,0053
B11002,0053
B11002A,0053
B11002B,0053
B11002C,0053
B11002D,0053
B11002E,0053
B11002F,0053
B11002G,0053
B11002H,0053
C11001A,0053
C11001B,0053
C11001C,0053
C11001D,0053
C11001E,0053
C11001F,0053
C11001G,0053
C11001H,0053
C11001I,0053
B11002I,0054
B11003,0054
B11004,0054
B11005,0054
B11006,0054
B11007,0054
B11009,0054
B11010,0054
B11011,0054
B11012,0054
B11013,0054
B11014,0054
B11015,0054
C11002A,0054
C11002B,0054
C11002C,0054
C11002D,0054
C11002E,0054
C11002F,0054
C11002G,0054
C11002H,0054
C11002I,0054
C11005,0054
C11010,0054
C11013,0054
C11014,0054
B11016,0055
B11017,0055
C11016,0055
B12001,0056
B12002,0056
B12002A,0056
B12002B,0056
B12002C,0056
B12002D,0057
B12002E,0057
B12002F,0057
B12002G,0057
B12002H,0057
B12002I,0057
B12005,0057
C12002,0057
C12002A,0057
C12002B,0057
C12002C,0057
C12002D,0057
C12002E,0057
C12002F,0057
C12002G,0057
C12002H,0057
C12002I,0057
B12006,0058
B12007,0058
B12007A,0058
B12007B,0058
B12007C,0058
B12007D,0058
B12007E,0058
B12007F,0058
B12007G,0058
B12007H,0058
B12007I,0058
B12501,0058
B12502,0058
B12503,0058
B12504,0058
B12505,0058
B13001,0059
B13002,0059
B13002A,0059
B13002B,0059
B13002C,0059
B13002D,0059
B13002E,0059
B13002F,0059
B13002G,0059
B13002H,0059
B13002I,0059
B13004,0059
B13008,0059
B13010,0059
B13012,0059
B13014,0059
B13015,0059
B13016,0059
C13004,0059
B14001,0060
B14002,0060
B14003,0060
B14004,0060
B14005,0060
C14002,0060
C14003,0060
B14006,0061
B14007,0061
B14007A,0061
B14007B,0061
B14007C,0061
B14007D,0061
B14007E,0061
B14007F,0061
B14007G,0061
B14007H,0061
C14005,0061
C14006,0061
B14007I,0062
C14007A,0062
C14007B,0062
C14007C,0062
C14007D,0062
C14007E,0062
C14007F,0062
C14007G,0062
C14007H,0062
C14007I,0062
B15001,0063
B15002,0063
B15002A,0063
B15002B,0063
B15002C,0063
C15001,0063
B15002D,0064
B15002E,0064
B15002F,0064
B15002G,0064
B15002H,0064
B15002I,0064
C15002,0064
C15002A,0064
C15002B,0064
C15002C,0064
C15002D,0064
C15002E,0064
C15002F,0064
C15002G,0064
C15002H,0064
C15002I,0064
B15003,0065
B15010,0065
B15011,0065
B15012,0065
C15003,0065
C15010,0065
C15010A,0065
C15010B,0065
C15010C,0065
C15010D,0065
C15010E,0065
C15010F,0065
C15010G,0065
C15010H,0065
C15010I,0065
B16001,0066
B16002,0066
B16003,0066
B16004,0066
C16001,0066
C16003,0066
B16005,0067
B16005A,0067
B16005B,0067
B16005C,0067
B16005D,0067
B16005E,0067
B16005F,0067
B16005G,0067
B16005H,0067
B16005I,0067
B16006,0067
C16004,0067
C16005,0067
C16006,0067
B16007,0068
B16008,0068
B16009,0068
B16010,0068
C16007,0068
C16008,0068
C16009,0068
C16010,0068
B17001,0069
B17001A,0069
B17001B,0069
B17001C,0069
B17001D,0070
B17001E,0070
B17001F,0070
B17001G,0070
B17001H,0071
B17001I,0071
C17001,0071
C17001A,0071
C17001B,0071
C17001C,0071
C17001D,0071
C17001E,0071
B17002,0072
B17003,0072
B17004,0072
B17005,0072
B17006,0072
C17001F,0072
C17001G,0072
C17001H,0072
C17001I,0072
C17002,0072
C17003,0072
C17004,0072
C17006,0072
B17007,0073
B17008,0073
B17009,0073
B17010,0073
B17010A,0073
B17010B,0073
C17007,0073
C17009,0073
B17010C,0074
B17010D,0074
B17010E,0074
B17010F,0074
B17010G,0074
B17010H,0075
B17010I,0075
C17010,0075
C17010A,0075
C17010B,0075
C17010C,0075
C17010D,0075
C17010E,0075
C17010F,0075
C17010G,0075
C17010H,0075
B17011,0076
B17012,0076
B17013,0076
B17014,0076
B17015,0076
C17010I,0076
C17012,0076
C17013,0076
C17014,0076
C17015,0076
B17016,0077
B17017,0077
B17018,0077
B17019,0077
B17020A,0077
B17020B,0077
C17016,0077
C17017,0077
C17018,0077
C17019,0077
B17020C,0078
B17020D,0078
B17020E,0078
B17020F,0078
B17020G,0078
B17020H,0078
B17020I,0078
B17021,0078
C17020A,0078
C17020B,0078
C17020C,0078
C17020D,0078
C17020E,0078
C17020F,0078
C17020G,0078
C17020H,0078
C17020I,0078
B17022,0079
B17023,0079
C17021,0079
C17022,0079
C17023,0079
B17024,0080
B17025,0080
B17026,0080
C17024,0080
C17025,0080
C17026,0080
B18101,0081
B18101A,0081
B18101B,0081
B18101C,0081
B18101D,0081
B18101E,0081
B18101F,0081
B18101G,0081
B18101H,0081
B18101I,0081
B18102,0081
C18101,0081
C18102,0081
B18103,0082
B18104,0082
B18105,0082
B18106,0082
C18103,0082
C18104,0082
C18105,0082
C18106,0082
B18107,0083
B18108,0083
B18120,0083
B18121,0083
B18130,0083
C18107,0083
C18108,0083
C18120,0083
C18121,0083
C18130,0083
B18131,0084
B18135,0084
B18140,0084
C18131,0084
B19001,0085
B19001A,0085
B19001B,0085
B19001C,0085
B19001D,0085
B19001E,0085
B19001F,0085
B19001G,0085
B19001H,0085
B19001I,0085
C19001,0085
C19001A,0085
C19001B,0085
C19001C,0085
C19001D,0085
C19001E,0085
B19013,0086
B19013A,0086
B19013B,0086
B19013C,0086
B19013D,0086
B19013E,0086
B19013F,0086
B19013G,0086
B19013H,0086
B19013I,0086
B19019,0086
B19025,0086
B19025A,0086
B19025B,0086
B19025C,0086
B19025D,0086
B19025E,0086
B19025F,0086
B19025G,0086
B19025H,0086
B19025I,0086
B19037,0086
B19037A,0086
C19001F,0086
C19001G,0086
C19001H,0086
C19001I,0086
B19037B,0087
B19037C,0087
B19037D,0087
B19037E,0088
B19037F,0088
B19037G,0088
B19037H,0089
B19037I,0089
C19037,0089
C19037A,0089
C19037B,0090
C19037C,0090
C19037D,0090
C19037E,0090
C19037F,0090
B19049,0091
B19050,0091
B19051,0091
B19052,0091
B19053,0091
B19054,0091
B19055,0091
B19056,0091
B19057,0091
B19058,0091
B19059,0091
B19060,0091
B19061,0091
B19062,0091
B19063,0091
B19064,0091
B19065,0091
B19066,0091
B19067,0091
B19069,0091
B19070,0091
B19080,0091
B19081,0091
B19082,0091
B19083,0091
B19101,0091
B19101A,0091
C19037G,0091
C19037H,0091
C19037I,0091
B19101B,0092
B19101C,0092
B19101D,0092
B19101E,0092
B19101F,0092
B19101G,0092
B19101H,0092
B19101I,0092
C19101,0092
C19101A,0092
C19101B,0092
C19101C,0092
C19101D,0092
C19101E,0092
C19101F,0092
C19101G,0092
C19101H,0092
B19113,0093
B19113A,0093
B19113B,0093
B19113C,0093
B19113D,0093
B19113E,0093
B19113F,0093
B19113G,0093
B19113H,0093
B19113I,0093
B19119,0093
B19121,0093
B19125,0093
B19126,0093
B19127,0093
B19128,0093
B19129,0093
B19130,0093
B19131,0093
C19101I,0093
B19201,0094
B19202,0094
B19202A,0094
B19202B,0094
B19202C,0094
B19202D,0094
B19202E,0094
B19202F,0094
B19202G,0094
B19202H,0094
B19202I,0094
B19214,0094
B19215,0094
B19216,0094
B19301,0094
B19301A,0094
B19301B,0094
B19301C,0094
B19301D,0094
B19301E,0094
B19301F,0094
B19301G,0094
B19301H,0094
B19301I,0094
B19313,0094
B19313A,0094
B19313B,0094
B19313C,0094
B19313D,0094
B19313E,0094
B19313F,0094
B19313G,0094
B19313H,0094
B19313I,0094
C19131,0094
C19201,0094
B19325,0095
B19326,0095
B20001,0096
B20002,0096
B20003,0096
B20004,0096
B20005,0096
B20005A,0097
B20005B,0097
B20005C,0098
B20005D,0098
B20005E,0099
B20005F,0099
B20005G,0100
B20005H,0100
B20005I,0101
C20005,0101
C20005A,0101
C20005B,0101
C20005C,0102
C20005D,0102
C20005E,0102
C20005F,0102
C20005G,0102
C20005H,0102
B20017,0103
B20017A,0103
B20017B,0103
B20017C,0103
B20017D,0103
B20017E,0103
B20017F,0103
B20017G,0103
B20017H,0103
B20017I,0103
C20005I,0103
B21001,0104
B21001A,0104
B21001B,0104
B21001C,0104
B21001D,0104
B21001E,0104
B21001F,0104
B21001G,0105
B21001H,0105
B21001I,0105
C21001A,0105
C21001B,0105
C21001C,0105
C21001D,0105
C21001E,0105
C21001F,0105
C21001G,0105
C21001H,0105
C21001I,0105
B21002,0106
B21003,0106
B21004,0106
B21005,0106
B21007,0106
B21100,0106
C21005,0106
C21007,0106
C21100,0106
B22001,0107
B22002,0107
B22003,0107
B22005A,0107
B22005B,0107
B22005C,0107
B22005D,0107
B22005E,0107
B22005F,0107
B22005G,0107
B22005H,0107
B22005I,0107
B22007,0107
B22008,0107
B22010,0107
C22001,0107
C22002,0107
C22007,0107
B23001,0108
B23002A,0109
C23001,0109
B23002B,0110
B23002C,0110
B23002D,0110
B23002E,0111
B23002F,0111
B23002G,0111
B23002H,0112
B23002I,0112
C23002A,0112
C23002B,0112
C23002C,0112
B23003,0113
B23004,0113
C23002D,0113
C23002E,0113
C23002F,0113
C23002G,0113
C23002H,0113
C23002I,0113
C23004,0113
B23006,0114
B23007,0114
B23008,0114
B23009,0114
B23010,0114
B23013,0114
B23018,0114
B23020,0114
C23007,0114
C23008,0114
B23022,0115
B23023,0115
B23024,0115
B23025,0115
C23022,0115
C23023,0115
B24010,0116
B24010,0117
B24010A,0117
B24010B,0117
B24010C,0118
B24010D,0118
B24010E,0118
B24010F,0119
B24010G,0119
B24010H,0119
B24010I,0120
C24010,0120
C24010A,0120
C24010B,0120
C24010C,0120
C24010D,0120
C24010E,0120
C24010F,0120
C24010G,0120
B24011,0121
B24012,0121
C24010H,0121
C24010I,0121
B24020,0122
B24020,0123
B24021,0123
B24022,0123
C24020,0123
B24030,0124
B24031,0125
B24032,0125
C24030,0125
B24040,0126
B24041,0127
B24042,0127
C24040,0127
B24050,0128
C24050,0129
B24060,0130
B24070,0131
C24060,0131
B24080,0132
B24081,0132
B24082,0132
B24090,0132
B24091,0132
B24092,0132
C24070,0132
C24080,0132
C24090,0132
B24121,0133
B24121,0134
B24121,0135
B24122,0136
B24122,0137
B24122,0138
B24123,0139
B24123,0140
B24123,0141
B24124,0142
B24124,0143
B24124,0144
B24125,0145
B24125,0146
B24125,0147
B24126,0148
B24126,0149
B24126,0150
B25001,0151
B25002,0151
B25003,0151
B25003A,0151
B25003B,0151
B25003C,0151
B25003D,0151
B25003E,0151
B25003F,0151
B25003G,0151
B25003H,0151
B25003I,0151
B25004,0151
B25005,0151
B25006,0151
B25007,0151
B25008,0151
B25009,0151
B25010,0151
B25011,0151
B25012,0151
B25013,0151
B25014,0151
B25014A,0151
B25014B,0151
B25014C,0151
B25014D,0151
B25014E,0151
B25014F,0151
B25014G,0151
B25014H,0151
B25014I,0151
C25004,0151
C25014,0151
B25015,0152
B25016,0152
B25017,0152
B25018,0152
B25019,0152
B25020,0152
B25021,0152
B25022,0152
B25023,0152
B25024,0152
B25026,0152
B25027,0152
B25032,0152
B25032A,0152
B25032B,0152
C25015,0152
C25016,0152
C25020,0152
C25023,0152
C25027,0152
B25032C,0153
B25032D,0153
B25032E,0153
B25032F,0153
B25032G,0153
B25032H,0153
B25032I,0153
B25033,0153
B25034,0153
B25035,0153
B25036,0153
B25037,0153
B25038,0153
B25039,0153
B25040,0153
B25041,0153
B25042,0153
C25032,0153
C25032A,0153
C25032B,0153
C25032C,0153
C25032D,0153
C25032E,0153
C25032F,0153
C25032G,0153
C25032H,0153
C25032I,0153
C25033,0153
B25043,0154
B25044,0154
B25045,0154
B25046,0154
B25047,0154
B25048,0154
B25049,0154
B25050,0154
B25051,0154
B25052,0154
B25053,0154
B25054,0154
B25055,0154
B25056,0154
B25057,0154
B25058,0154
B25059,0154
B25060,0154
B25061,0154
B25062,0154
B25063,0154
B25064,0154
B25065,0154
C25043,0154
C25045,0154
C25050,0154
C25054,0154
C25055,0154
C25056,0154
C25061,0154
B25066,0155
B25067,0155
B25068,0155
B25069,0155
B25070,0155
B25071,0155
B25072,0155
B25073,0155
C25066,0155
C25068,0155
C25072,0155
C25073,0155
B25074,0156
B25075,0156
B25076,0156
B25077,0156
B25078,0156
B25079,0156
B25080,0156
B25081,0156
B25082,0156
B25083,0156
B25085,0156
B25086,0156
B25087,0156
B25088,0156
B25089,0156
B25090,0156
B25091,0156
B25092,0156
C25074,0156
C25075,0156
C25079,0156
C25080,0156
C25085,0156
B25093,0157
B25094,0157
B25095,0157
B25096,0157
B25097,0157
B25098,0157
B25099,0157
B25100,0157
C25093,0157
C25095,0157
B25101,0158
B25102,0158
B25103,0158
B25104,0158
B25105,0158
B25106,0158
B25107,0158
B25108,0158
B25109,0158
B25110,0158
B25111,0158
B25112,0158
B25113,0158
B25114,0158
B25115,0158
C25108,0158
C25110,0158
C25112,0158
C25114,0158
B25116,0159
B25117,0159
B25118,0159
B25119,0159
B25120,0159
B25121,0159
C25115,0159
C25116,0159
C25117,0159
B25122,0160
B25123,0160
C25121,0160
C25122,0160
C25123,0160
B25124,0161
B25125,0161
B25126,0161
B25127,0162
B25128,0162
B25129,0162
B26001,0163
B27001,0164
B27001A,0164
B27001B,0164
B27001C,0164
B27001D,0164
B27001E,0164
B27001F,0164
B27001G,0165
B27001H,0165
B27001I,0165
C27001,0165
C27001A,0165
C27001B,0165
C27001C,0165
C27001D,0165
C27001E,0165
C27001F,0165
C27001G,0165
C27001H,0165
C27001I,0165
B27002,0166
B27003,0166
B27004,0166
C27002,0166
C27003,0166
C27004,0166
B27005,0167
B27006,0167
B27007,0167
C27005,0167
C27006,0167
C27007,0167
B27008,0168
B27009,0168
B27010,0168
C27008,0168
C27009,0168
C27010,0168
B27011,0169
B27012,0169
B27013,0169
C27012,0169
C27013,0169
B27014,0170
B27015,0170
C27014,0170
B27016,0171
C27016,0171
B27017,0172
B27018,0172
C27017,0172
B27019,0173
B27020,0173
B27021,0173
B27022,0173
B27023,0173
C27018,0173
B98001,0174
B98002,0174
B98011,0174
B98012,0174
B98013,0174
B98014,0174
B98021,0174
B98022,0174
B98031,0174
B98032,0174
B99011,0175
B99012,0175
B99021,0175
B99031,0175
B99051,0175
B99052,0175
B99052PR,0175
B99053,0175
B99061,0175
B99071,0175
B99072,0175
B99080,0175
B99081,0175
B99082,0175
B99083,0175
B99084,0175
B99085,0175
B99086,0176
B99087,0176
B99088,0176
B99089,0176
B99092,0177
B99102,0177
B99103,0177
B99104,0177
B99121,0177
B99122,0177
B99123,0177
B99124,0177
B99125,0177
B99126,0177
B99131,0177
B99132,0177
B99141,0177
B99142,0177
B99151,0177
B99152,0177
B99161,0177
B99162,0177
B99163,0177
B99171,0177
B99172,0177
B99181,0177
B99182,0177
B99183,0177
B99184,0177
B99185,0177
B99186,0177
B99187,0177
B99191,0177
B99192,0177
B99193,0177
B99194,0177
B99201,0177
B99211,0177
B99212,0177
B99221,0177
B99231,0177
B99232,0177
B99233,0177
B99234,0177
B99241,0177
B99242,0177
B99243,0177
B99244,0177
B99245,0177
B99246,0177
B992510,0177
B992511,0177
B992512,0177
B992513,0177
B992514,0177
B992515,0177
B992516,0177
B992518,0177
B992519,0177
B99252,0177
B992520,0177
B992521,0177
B992522,0178
B992523,0178
B99253,0178
B99254,0178
B99255,0178
B99256,0178
B99257,0178
B99258,0178
B99259,0178
B992701,0178
B992702,0178
B992703,0178
B992704,0178
B992705,0178
B992706,0178
B992707,0178
B992708,0178
B992709,0178
