b01001001,b01001a001,b01001b001,b15002003,b15002004,b15002005,b15002006,b15002007,b15002008,b15002009,b15002010,b15002011,b15002012,b15002013,b15002014,b15002015,b15002016,b15002017,b15002018,b19013001,place
211933.0,50047.0,154377.0,1847.0,427.0,391.0,997.0,1661.0,2869.0,3165.0,1109.0,19361.0,2982.0,11887.0,4057.0,10695.0,2839.0,2123.0,1475.0,31152.0,birmingham
67296.0,42739.0,21638.0,421.0,13.0,109.0,281.0,240.0,398.0,343.0,331.0,6876.0,1432.0,3133.0,1954.0,3397.0,1106.0,440.0,169.0,41082.0,dothan
186416.0,117148.0,58720.0,328.0,94.0,406.0,803.0,1139.0,1376.0,1424.0,531.0,11726.0,3133.0,9077.0,3792.0,16641.0,7661.0,1481.0,1264.0,48199.0,huntsville
194879.0,88827.0,99171.0,764.0,432.0,499.0,782.0,1091.0,2458.0,2579.0,981.0,16868.0,3561.0,10598.0,5078.0,10186.0,2733.0,1579.0,904.0,36150.0,mobile
201335.0,72867.0,118085.0,686.0,567.0,738.0,888.0,1008.0,1357.0,1408.0,1727.0,16361.0,2443.0,9075.0,3662.0,10417.0,4202.0,1966.0,1492.0,43103.0,montgomery
95334.0,46629.0,43538.0,63.0,0.0,62.0,322.0,520.0,785.0,1065.0,725.0,7627.0,510.0,3507.0,1526.0,4112.0,2032.0,981.0,771.0,39236.0,tuscaloosa
300950.0,197183.0,17842.0,1158.0,69.0,469.0,873.0,308.0,1364.0,1957.0,1214.0,26233.0,5382.0,20563.0,7303.0,18623.0,7473.0,1999.0,1296.0,79045.0,anchorage
6626624.0,5233466.0,277973.0,26472.0,19554.0,44239.0,49145.0,34364.0,37341.0,54920.0,46034.0,520767.0,146894.0,379677.0,173589.0,368789.0,149179.0,42976.0,33035.0,48510.0,flagstaff
203030.0,184282.0,,1083.0,406.0,1558.0,1660.0,1255.0,2844.0,3002.0,1886.0,27146.0,6597.0,14475.0,5239.0,4964.0,2015.0,398.0,575.0,39058.0,mohave
1513350.0,1134127.0,104192.0,6825.0,5978.0,15424.0,16995.0,9830.0,10140.0,12598.0,12061.0,112833.0,27960.0,75061.0,35422.0,79996.0,28720.0,10106.0,5109.0,46601.0,phoenix
526141.0,379631.0,27614.0,2025.0,1885.0,2642.0,3120.0,3009.0,3413.0,5484.0,3067.0,38757.0,10812.0,33053.0,12159.0,23038.0,9685.0,3350.0,2828.0,35720.0,tucson
91915.0,63405.0,,570.0,655.0,950.0,847.0,216.0,553.0,954.0,1189.0,7888.0,1954.0,5480.0,1726.0,2493.0,957.0,403.0,442.0,44545.0,yuma
78967.0,61939.0,,313.0,397.0,0.0,67.0,95.0,70.0,282.0,158.0,3578.0,868.0,4077.0,1021.0,4648.0,2583.0,1242.0,759.0,37369.0,fayetteville
87654.0,68212.0,,463.0,789.0,1284.0,940.0,368.0,509.0,934.0,334.0,8044.0,677.0,4977.0,2073.0,3356.0,872.0,925.0,212.0,34274.0,fortsmith
71547.0,54265.0,,259.0,249.0,272.0,262.0,62.0,165.0,709.0,461.0,5207.0,1065.0,3087.0,1585.0,4319.0,976.0,83.0,711.0,39483.0,jonesboro
197357.0,102255.0,81757.0,896.0,98.0,256.0,146.0,1298.0,981.0,2054.0,624.0,17990.0,3094.0,10750.0,2581.0,14069.0,5336.0,2985.0,1623.0,44546.0,littlerock
363630.0,247768.0,29040.0,2674.0,2552.0,4253.0,1218.0,2454.0,1755.0,2414.0,3655.0,25660.0,6543.0,18031.0,8617.0,14751.0,4405.0,1653.0,1025.0,54763.0,bakersfield
88075.0,73572.0,,252.0,134.0,158.0,133.0,261.0,365.0,483.0,320.0,3815.0,1765.0,5532.0,2479.0,5875.0,1977.0,1146.0,373.0,44491.0,chico
509965.0,268855.0,42836.0,6418.0,2755.0,4768.0,3499.0,4890.0,4416.0,4520.0,4342.0,31850.0,9567.0,26432.0,10068.0,19478.0,4912.0,3311.0,1888.0,40179.0,fresno
134493.0,109863.0,,308.0,99.0,410.0,974.0,36.0,836.0,950.0,1376.0,11859.0,3939.0,9175.0,3822.0,7952.0,2054.0,758.0,1124.0,42092.0,humboldt
176584.0,122140.0,,1491.0,2876.0,3036.0,1637.0,2140.0,1575.0,2109.0,1540.0,13643.0,3374.0,10027.0,3500.0,4898.0,1246.0,388.0,177.0,43310.0,imperial
38332521.0,23741019.0,2269021.0,296820.0,214497.0,469722.0,229427.0,270674.0,191514.0,275135.0,351415.0,2602660.0,686212.0,1981873.0,882030.0,2365232.0,921938.0,321668.0,236167.0,60190.0,inlandempire
469384.0,247260.0,64295.0,4194.0,2187.0,7097.0,3965.0,3552.0,1981.0,1795.0,4120.0,29092.0,8241.0,29664.0,12015.0,26019.0,9303.0,3452.0,1821.0,52116.0,longbeach
3884340.0,1994140.0,346154.0,41385.0,36036.0,85527.0,30852.0,44704.0,17980.0,31141.0,41144.0,253526.0,48556.0,176626.0,68991.0,263428.0,80310.0,38942.0,18022.0,48466.0,losangeles
81089.0,37125.0,,1129.0,488.0,1834.0,80.0,1110.0,360.0,950.0,722.0,4349.0,2382.0,3137.0,1474.0,1551.0,522.0,448.0,624.0,35482.0,merced
204925.0,136008.0,,1585.0,1070.0,725.0,670.0,580.0,1562.0,1505.0,2865.0,17533.0,5229.0,13100.0,4539.0,7705.0,2714.0,1140.0,725.0,46329.0,modesto
38332521.0,23741019.0,2269021.0,296820.0,214497.0,469722.0,229427.0,270674.0,191514.0,275135.0,351415.0,2602660.0,686212.0,1981873.0,882030.0,2365232.0,921938.0,321668.0,236167.0,60190.0,northbay
38332521.0,23741019.0,2269021.0,296820.0,214497.0,469722.0,229427.0,270674.0,191514.0,275135.0,351415.0,2602660.0,686212.0,1981873.0,882030.0,2365232.0,921938.0,321668.0,236167.0,60190.0,orangecounty
406228.0,159842.0,103294.0,5118.0,2238.0,4388.0,4110.0,2205.0,2449.0,3313.0,4215.0,27108.0,7228.0,20485.0,6824.0,27747.0,12593.0,4896.0,4069.0,54394.0,eastbay
157146.0,68990.0,19876.0,1193.0,601.0,2896.0,929.0,1059.0,553.0,2043.0,1708.0,11044.0,3581.0,9897.0,1971.0,4638.0,1980.0,545.0,369.0,55153.0,palmdale
91124.0,74879.0,,203.0,88.0,27.0,217.0,68.0,542.0,808.0,865.0,7658.0,2343.0,6538.0,2878.0,3587.0,1652.0,286.0,175.0,40376.0,redding
479671.0,243460.0,64174.0,5633.0,869.0,2547.0,3008.0,1239.0,2743.0,3913.0,4279.0,34538.0,9464.0,25526.0,11594.0,28041.0,9009.0,4359.0,2256.0,48034.0,sacramento
1355885.0,870219.0,85305.0,8961.0,3446.0,7469.0,3050.0,8086.0,4976.0,5726.0,8945.0,75363.0,22059.0,73114.0,30172.0,114012.0,46143.0,18117.0,15229.0,63456.0,sandiego
38332521.0,23741019.0,2269021.0,296820.0,214497.0,469722.0,229427.0,270674.0,191514.0,275135.0,351415.0,2602660.0,686212.0,1981873.0,882030.0,2365232.0,921938.0,321668.0,236167.0,60190.0,sanfernandovalley
837442.0,406041.0,47985.0,9002.0,2695.0,7700.0,3294.0,5265.0,2928.0,3900.0,6207.0,42430.0,11072.0,43487.0,16303.0,106881.0,45881.0,18585.0,10924.0,77485.0,sf
38332521.0,23741019.0,2269021.0,296820.0,214497.0,469722.0,229427.0,270674.0,191514.0,275135.0,351415.0,2602660.0,686212.0,1981873.0,882030.0,2365232.0,921938.0,321668.0,236167.0,60190.0,sangabrielvalley
998514.0,429466.0,32276.0,7989.0,5298.0,10284.0,6112.0,4398.0,5336.0,6496.0,9602.0,58647.0,14206.0,49244.0,25706.0,75279.0,40297.0,4377.0,9149.0,80977.0,sanjose
101132.0,59487.0,,803.0,174.0,936.0,971.0,404.0,191.0,143.0,514.0,6763.0,1977.0,4640.0,2315.0,10082.0,3509.0,1453.0,1322.0,83791.0,sanmateo
90431.0,66423.0,,1289.0,773.0,1319.0,336.0,974.0,537.0,453.0,477.0,3684.0,968.0,4296.0,1383.0,8299.0,2857.0,1375.0,1056.0,64434.0,santabarbara
102205.0,42614.0,,669.0,2243.0,3787.0,1302.0,1696.0,903.0,882.0,463.0,4784.0,1719.0,4844.0,1692.0,2211.0,369.0,199.0,110.0,44547.0,santamaria
298115.0,125699.0,32577.0,4226.0,1922.0,6627.0,1712.0,1377.0,1627.0,3073.0,3201.0,21840.0,5174.0,13233.0,6877.0,8557.0,2069.0,1397.0,1280.0,42114.0,stockton
839620.0,664232.0,14439.0,4990.0,5096.0,12302.0,3044.0,4439.0,2775.0,4674.0,9723.0,54844.0,13563.0,47524.0,20309.0,49643.0,21839.0,7348.0,5723.0,77363.0,ventura
127758.0,105139.0,,1573.0,775.0,894.0,888.0,513.0,438.0,623.0,1220.0,9584.0,3024.0,5636.0,3145.0,4174.0,2036.0,780.0,291.0,47231.0,visalia
103163.0,92788.0,,326.0,16.0,0.0,65.0,8.0,305.0,188.0,161.0,2104.0,525.0,2062.0,872.0,10212.0,6936.0,1137.0,3539.0,57428.0,boulder
439858.0,346461.0,25014.0,540.0,62.0,778.0,1501.0,1471.0,1061.0,2219.0,1870.0,26535.0,8702.0,25460.0,13302.0,30678.0,16070.0,3401.0,2772.0,53550.0,coloradosprings
649495.0,504146.0,64113.0,4454.0,2197.0,6598.0,2942.0,4652.0,4605.0,4715.0,2749.0,42528.0,9490.0,29933.0,12978.0,61638.0,23649.0,10285.0,4270.0,51089.0,denver
152056.0,135911.0,,398.0,207.0,43.0,158.0,303.0,649.0,168.0,448.0,6404.0,1888.0,6967.0,3957.0,13271.0,5788.0,1379.0,2555.0,56464.0,fortcollins
108247.0,73002.0,,360.0,719.0,1140.0,478.0,669.0,782.0,1289.0,521.0,11444.0,2259.0,6586.0,2697.0,3103.0,2078.0,519.0,383.0,33784.0,pueblo
5268367.0,4415852.0,209555.0,17467.0,8433.0,22006.0,19609.0,24524.0,25334.0,29726.0,29491.0,379653.0,102394.0,291560.0,131265.0,412136.0,168107.0,43899.0,35696.0,58823.0,rockies
5268367.0,4415852.0,209555.0,17467.0,8433.0,22006.0,19609.0,24524.0,25334.0,29726.0,29491.0,379653.0,102394.0,291560.0,131265.0,412136.0,168107.0,43899.0,35696.0,58823.0,westslope
3596080.0,2778681.0,370998.0,11304.0,11161.0,14939.0,19055.0,16378.0,17899.0,19107.0,18573.0,330905.0,61507.0,140160.0,75884.0,241481.0,131462.0,39137.0,24798.0,67098.0,newlondon
125035.0,36583.0,52781.0,757.0,1081.0,1525.0,1336.0,1494.0,1718.0,1676.0,998.0,11538.0,1826.0,4700.0,1244.0,3084.0,1388.0,564.0,132.0,27417.0,hartford
130654.0,53286.0,44982.0,628.0,630.0,856.0,802.0,965.0,1172.0,1322.0,411.0,11307.0,2042.0,3614.0,1664.0,4958.0,3417.0,1532.0,1879.0,36196.0,newhaven
3596080.0,2778681.0,370998.0,11304.0,11161.0,14939.0,19055.0,16378.0,17899.0,19107.0,18573.0,330905.0,61507.0,140160.0,75884.0,241481.0,131462.0,39137.0,24798.0,67098.0,nwct
646449.0,264080.0,315504.0,1820.0,1366.0,1544.0,3543.0,2298.0,3857.0,4454.0,2641.0,39085.0,6255.0,19591.0,5544.0,50513.0,38070.0,21027.0,10254.0,67572.0,nova
646449.0,264080.0,315504.0,1820.0,1366.0,1544.0,3543.0,2298.0,3857.0,4454.0,2641.0,39085.0,6255.0,19591.0,5544.0,50513.0,38070.0,21027.0,10254.0,67572.0,southernmaryland
646449.0,264080.0,315504.0,1820.0,1366.0,1544.0,3543.0,2298.0,3857.0,4454.0,2641.0,39085.0,6255.0,19591.0,5544.0,50513.0,38070.0,21027.0,10254.0,67572.0,dc
19552860.0,14897782.0,3141552.0,95921.0,56539.0,101091.0,108582.0,110464.0,141960.0,149888.0,152784.0,1929867.0,402993.0,939475.0,555871.0,1155065.0,417575.0,172235.0,87665.0,46036.0,daytona
68184.0,40875.0,21812.0,454.0,931.0,1077.0,468.0,758.0,1101.0,861.0,635.0,7026.0,1367.0,4077.0,1028.0,3911.0,1093.0,745.0,192.0,31570.0,fortmyers
19552860.0,14897782.0,3141552.0,95921.0,56539.0,101091.0,108582.0,110464.0,141960.0,149888.0,152784.0,1929867.0,402993.0,939475.0,555871.0,1155065.0,417575.0,172235.0,87665.0,46036.0,ftlauderdale
127493.0,83163.0,30483.0,391.0,0.0,20.0,429.0,392.0,512.0,827.0,430.0,7853.0,1587.0,3390.0,3331.0,6259.0,4021.0,1257.0,1530.0,31600.0,gainesville
842588.0,508387.0,258404.0,2913.0,891.0,1623.0,3293.0,3784.0,5589.0,5364.0,5951.0,77503.0,21060.0,40606.0,23701.0,49962.0,13728.0,5366.0,2482.0,47424.0,jacksonville
19552860.0,14897782.0,3141552.0,95921.0,56539.0,101091.0,108582.0,110464.0,141960.0,149888.0,152784.0,1929867.0,402993.0,939475.0,555871.0,1155065.0,417575.0,172235.0,87665.0,46036.0,keys
100697.0,77699.0,18234.0,288.0,0.0,103.0,684.0,572.0,922.0,932.0,292.0,11148.0,1555.0,3994.0,2361.0,6117.0,2137.0,493.0,367.0,40126.0,lakeland
417670.0,315219.0,84724.0,3419.0,3508.0,11135.0,5257.0,4268.0,4461.0,3608.0,3522.0,43771.0,3995.0,15828.0,9969.0,22357.0,8145.0,6640.0,1256.0,31070.0,miami
193811.0,153952.0,19705.0,793.0,223.0,308.0,1380.0,539.0,569.0,1883.0,858.0,17911.0,4456.0,11772.0,6449.0,9011.0,6921.0,1224.0,1043.0,55139.0,okaloosa
255479.0,152592.0,68191.0,629.0,294.0,228.0,825.0,1338.0,2353.0,2160.0,1568.0,23043.0,3469.0,9721.0,9829.0,21005.0,5330.0,2047.0,729.0,41345.0,orlando
19552860.0,14897782.0,3141552.0,95921.0,56539.0,101091.0,108582.0,110464.0,141960.0,149888.0,152784.0,1929867.0,402993.0,939475.0,555871.0,1155065.0,417575.0,172235.0,87665.0,46036.0,spacecoast
186408.0,104567.0,68652.0,191.0,0.0,183.0,441.0,196.0,656.0,1224.0,914.0,7076.0,2847.0,6939.0,4356.0,10031.0,5823.0,1765.0,2513.0,39564.0,tallahassee
352981.0,229892.0,85472.0,1906.0,850.0,1229.0,1049.0,2224.0,2492.0,2043.0,2100.0,29605.0,5261.0,14878.0,8128.0,26783.0,9815.0,4922.0,2161.0,42649.0,tampa
19552860.0,14897782.0,3141552.0,95921.0,56539.0,101091.0,108582.0,110464.0,141960.0,149888.0,152784.0,1929867.0,402993.0,939475.0,555871.0,1155065.0,417575.0,172235.0,87665.0,46036.0,treasurecoast
102433.0,61692.0,34976.0,503.0,431.0,2507.0,1019.0,674.0,144.0,370.0,1510.0,10162.0,1357.0,3862.0,1978.0,6347.0,2238.0,1429.0,341.0,43070.0,westpalmbeach
76151.0,19950.0,53445.0,601.0,101.0,301.0,267.0,317.0,1023.0,863.0,766.0,5497.0,1016.0,4925.0,731.0,1780.0,424.0,357.0,390.0,28921.0,albanyga
9992167.0,6035159.0,3095976.0,44442.0,24949.0,46939.0,69667.0,69996.0,81421.0,88516.0,56171.0,915943.0,166011.0,453340.0,199043.0,548935.0,205502.0,65769.0,44455.0,47829.0,athensga
447848.0,181595.0,233662.0,1117.0,621.0,901.0,1764.0,2304.0,2747.0,3329.0,2620.0,27644.0,3297.0,19077.0,6218.0,40513.0,20612.0,8324.0,3924.0,46485.0,atlanta
9992167.0,6035159.0,3095976.0,44442.0,24949.0,46939.0,69667.0,69996.0,81421.0,88516.0,56171.0,915943.0,166011.0,453340.0,199043.0,548935.0,205502.0,65769.0,44455.0,47829.0,augusta
202824.0,93310.0,92316.0,1496.0,250.0,381.0,713.0,1589.0,971.0,1492.0,1133.0,18666.0,3559.0,11516.0,4792.0,7747.0,4040.0,1276.0,429.0,40499.0,columbusga
90107.0,23917.0,63595.0,348.0,0.0,590.0,1251.0,1421.0,1420.0,1137.0,493.0,8859.0,1163.0,3164.0,1296.0,2107.0,826.0,449.0,343.0,24623.0,macon
9992167.0,6035159.0,3095976.0,44442.0,24949.0,46939.0,69667.0,69996.0,81421.0,88516.0,56171.0,915943.0,166011.0,453340.0,199043.0,548935.0,205502.0,65769.0,44455.0,47829.0,nwga
142772.0,58739.0,78078.0,397.0,304.0,317.0,773.0,972.0,1407.0,1141.0,632.0,11288.0,1685.0,9397.0,1775.0,6603.0,3407.0,684.0,865.0,36198.0,savannah
1404054.0,358977.0,30306.0,4332.0,2413.0,4031.0,4418.0,5100.0,7118.0,7484.0,5676.0,133936.0,29529.0,78481.0,49640.0,97237.0,27679.0,10740.0,8615.0,68020.0,bigisland
983429.0,213576.0,28269.0,3654.0,1423.0,2964.0,3025.0,3703.0,5429.0,4345.0,3785.0,86152.0,21371.0,52823.0,34029.0,71219.0,21892.0,7789.0,6621.0,73388.0,honolulu
69512.0,23962.0,,194.0,429.0,201.0,161.0,66.0,141.0,907.0,363.0,8583.0,976.0,3553.0,2805.0,3859.0,1096.0,536.0,263.0,60155.0,kauai
160195.0,54792.0,,286.0,35.0,465.0,564.0,638.0,354.0,694.0,829.0,19300.0,2936.0,9789.0,6083.0,9985.0,2448.0,1310.0,679.0,65558.0,maui
1612136.0,1475631.0,,5939.0,4234.0,6283.0,7389.0,7206.0,9592.0,9834.0,8686.0,139679.0,38974.0,90947.0,40161.0,90239.0,29686.0,10863.0,6711.0,46783.0,eastidaho
78911.0,60613.0,9625.0,155.0,43.0,0.0,7.0,0.0,137.0,289.0,278.0,5233.0,1669.0,3315.0,1176.0,8049.0,2702.0,911.0,427.0,60652.0,bloomington
12882135.0,9362416.0,1833560.0,51676.0,27250.0,76380.0,75805.0,62292.0,69256.0,80818.0,86094.0,1144486.0,267512.0,593750.0,282417.0,804352.0,343232.0,106742.0,62261.0,56210.0,chambana
2718789.0,1326635.0,863542.0,15361.0,11050.0,33132.0,20068.0,21022.0,19912.0,20686.0,22604.0,217946.0,35962.0,113690.0,43523.0,183805.0,74816.0,28729.0,16221.0,47099.0,chicago
72842.0,52248.0,13782.0,353.0,0.0,79.0,254.0,899.0,658.0,472.0,194.0,7636.0,1916.0,3539.0,1598.0,3162.0,1426.0,240.0,171.0,38974.0,decatur
112183.0,106072.0,,429.0,256.0,255.0,669.0,407.0,645.0,890.0,934.0,14879.0,3088.0,6913.0,2479.0,4190.0,1582.0,331.0,602.0,48552.0,lasalle
116575.0,72456.0,30348.0,410.0,57.0,193.0,540.0,362.0,751.0,1288.0,845.0,7942.0,1582.0,3991.0,3792.0,7386.0,2744.0,1232.0,337.0,42189.0,peoria
152618.0,102919.0,31033.0,806.0,216.0,835.0,1200.0,1061.0,1801.0,1341.0,936.0,12840.0,4016.0,7329.0,3637.0,6329.0,2150.0,755.0,371.0,40215.0,rockford
116858.0,87968.0,21375.0,253.0,0.0,0.0,861.0,326.0,225.0,1062.0,410.0,9516.0,2781.0,4845.0,2694.0,7641.0,3647.0,1504.0,697.0,48864.0,springfieldil
12882135.0,9362416.0,1833560.0,51676.0,27250.0,76380.0,75805.0,62292.0,69256.0,80818.0,86094.0,1144486.0,267512.0,593750.0,282417.0,804352.0,343232.0,106742.0,62261.0,56210.0,quincy
80693.0,66466.0,,114.0,0.0,0.0,155.0,75.0,232.0,339.0,402.0,2031.0,1122.0,1004.0,720.0,4504.0,3055.0,674.0,2116.0,27687.0,bloomingtonin
117439.0,96340.0,16163.0,407.0,61.0,484.0,607.0,938.0,831.0,820.0,514.0,13939.0,3071.0,6058.0,2751.0,5483.0,1114.0,461.0,300.0,32414.0,evansville
6570902.0,5529595.0,603521.0,21197.0,7480.0,16338.0,45731.0,36509.0,50806.0,55932.0,37560.0,729169.0,139558.0,295826.0,153944.0,307888.0,117653.0,34102.0,26484.0,47529.0,fortwayne
6570902.0,5529595.0,603521.0,21197.0,7480.0,16338.0,45731.0,36509.0,50806.0,55932.0,37560.0,729169.0,139558.0,295826.0,153944.0,307888.0,117653.0,34102.0,26484.0,47529.0,indianapolis
69720.0,61946.0,,122.0,83.0,687.0,202.0,191.0,725.0,384.0,242.0,6249.0,1628.0,3471.0,902.0,3432.0,1692.0,264.0,124.0,40285.0,tippecanoe
70107.0,58449.0,7541.0,330.0,49.0,188.0,295.0,402.0,534.0,658.0,421.0,5814.0,1064.0,2925.0,1167.0,2563.0,821.0,242.0,720.0,26292.0,muncie
101975.0,65662.0,26755.0,286.0,286.0,463.0,576.0,1004.0,1055.0,1167.0,700.0,10498.0,1671.0,4563.0,1908.0,4342.0,1921.0,535.0,555.0,34446.0,southbend
128422.0,110589.0,9972.0,68.0,0.0,189.0,265.0,37.0,476.0,546.0,579.0,11837.0,3432.0,7542.0,3478.0,6946.0,2623.0,992.0,308.0,49809.0,cedarrapids
207293.0,161270.0,22822.0,615.0,216.0,720.0,639.0,1318.0,447.0,1333.0,1157.0,22794.0,4638.0,9241.0,6224.0,10491.0,2878.0,1218.0,644.0,45110.0,desmoines
71598.0,58245.0,,67.0,0.0,48.0,156.0,78.0,68.0,103.0,138.0,1670.0,623.0,2442.0,1108.0,4833.0,2900.0,1400.0,2264.0,39467.0,iowacity
3090416.0,2823908.0,102430.0,7148.0,2363.0,4258.0,18166.0,10861.0,15970.0,16085.0,15657.0,344280.0,71758.0,138891.0,97842.0,168892.0,51698.0,17317.0,15134.0,52229.0,quadcities
81325.0,68654.0,,683.0,145.0,308.0,410.0,854.0,487.0,334.0,855.0,9220.0,1411.0,3387.0,2057.0,3522.0,749.0,259.0,365.0,44073.0,siouxcity
68366.0,54166.0,12001.0,137.0,45.0,239.0,489.0,353.0,764.0,877.0,504.0,9171.0,752.0,2610.0,1650.0,2179.0,813.0,172.0,150.0,38902.0,waterloo
92730.0,75666.0,,0.0,0.0,0.0,361.0,97.0,80.0,253.0,804.0,4085.0,2090.0,4194.0,1152.0,6261.0,3249.0,1394.0,1990.0,50150.0,lawrence
127702.0,102351.0,12417.0,699.0,229.0,412.0,800.0,810.0,512.0,1089.0,767.0,12552.0,3334.0,6250.0,2166.0,7097.0,2180.0,726.0,869.0,41327.0,topeka
386558.0,298594.0,45158.0,1077.0,923.0,1674.0,2348.0,2062.0,2177.0,3311.0,2509.0,31304.0,10397.0,20985.0,7313.0,23939.0,7358.0,2297.0,1213.0,43538.0,wichita
2571307.0,2098242.0,320367.0,8940.0,4148.0,7258.0,18790.0,16264.0,19108.0,20934.0,11563.0,240880.0,53207.0,119277.0,50401.0,142009.0,57099.0,19503.0,11795.0,45048.0,eastky
2571307.0,2098242.0,320367.0,8940.0,4148.0,7258.0,18790.0,16264.0,19108.0,20934.0,11563.0,240880.0,53207.0,119277.0,50401.0,142009.0,57099.0,19503.0,11795.0,45048.0,lexington
2571307.0,2098242.0,320367.0,8940.0,4148.0,7258.0,18790.0,16264.0,19108.0,20934.0,11563.0,240880.0,53207.0,119277.0,50401.0,142009.0,57099.0,19503.0,11795.0,45048.0,louisville
2571307.0,2098242.0,320367.0,8940.0,4148.0,7258.0,18790.0,16264.0,19108.0,20934.0,11563.0,240880.0,53207.0,119277.0,50401.0,142009.0,57099.0,19503.0,11795.0,45048.0,westky
229405.0,86004.0,127266.0,1117.0,445.0,592.0,842.0,1189.0,2033.0,2249.0,1610.0,16347.0,3215.0,10419.0,3137.0,13256.0,4883.0,1773.0,1956.0,38321.0,batonrouge
124282.0,76983.0,40629.0,391.0,484.0,524.0,1279.0,756.0,1035.0,1134.0,759.0,8723.0,1890.0,7533.0,1278.0,7926.0,2808.0,951.0,1242.0,47784.0,lafayette
74032.0,31329.0,38587.0,440.0,97.0,236.0,627.0,765.0,609.0,1257.0,288.0,7253.0,1050.0,4207.0,1374.0,2789.0,931.0,783.0,86.0,36708.0,lakecharles
378715.0,130880.0,224787.0,1284.0,808.0,1280.0,2701.0,2932.0,2617.0,4554.0,4191.0,29700.0,4420.0,19833.0,4995.0,23004.0,10193.0,6986.0,3237.0,36631.0,neworleans
200191.0,79332.0,112011.0,466.0,36.0,516.0,992.0,1437.0,1140.0,2582.0,1326.0,19316.0,3498.0,10523.0,3379.0,9074.0,2667.0,1411.0,467.0,35772.0,shreveport
622104.0,187993.0,391451.0,3664.0,750.0,2063.0,4301.0,5208.0,9756.0,7425.0,4854.0,59854.0,8576.0,26852.0,6115.0,28973.0,13391.0,6151.0,4566.0,42266.0,baltimore
5928814.0,3416335.0,1754964.0,24152.0,12627.0,21525.0,27442.0,29631.0,37722.0,36391.0,34134.0,507972.0,110478.0,259854.0,98978.0,374399.0,202229.0,65195.0,55405.0,72483.0,cumberlandvalley
5928814.0,3416335.0,1754964.0,24152.0,12627.0,21525.0,27442.0,29631.0,37722.0,36391.0,34134.0,507972.0,110478.0,259854.0,98978.0,374399.0,202229.0,65195.0,55405.0,72483.0,easternshore
66910.0,47065.0,9265.0,0.0,112.0,294.0,272.0,711.0,172.0,179.0,371.0,4153.0,1126.0,3104.0,1752.0,5200.0,2490.0,380.0,625.0,62285.0,frederick
5928814.0,3416335.0,1754964.0,24152.0,12627.0,21525.0,27442.0,29631.0,37722.0,36391.0,34134.0,507972.0,110478.0,259854.0,98978.0,374399.0,202229.0,65195.0,55405.0,72483.0,westernmaryland
327847.0,192550.0,10774.0,4194.0,9473.0,7540.0,7736.0,5996.0,1638.0,3710.0,902.0,27805.0,1892.0,9436.0,7624.0,11349.0,2394.0,251.0,178.0,15323.0,capecod
327847.0,192550.0,10774.0,4194.0,9473.0,7540.0,7736.0,5996.0,1638.0,3710.0,902.0,27805.0,1892.0,9436.0,7624.0,11349.0,2394.0,251.0,178.0,15323.0,southcoast
117034.0,85137.0,11131.0,0.0,0.0,0.0,109.0,25.0,259.0,66.0,207.0,2283.0,798.0,3520.0,1547.0,7039.0,7181.0,2246.0,5011.0,60147.0,annarbor
9895622.0,7829056.0,1378237.0,36267.0,9963.0,17741.0,45807.0,42243.0,69338.0,83669.0,57715.0,964638.0,235037.0,519994.0,249682.0,521373.0,230186.0,63550.0,49771.0,48273.0,centralmich
688740.0,88347.0,553258.0,3320.0,1126.0,4290.0,3936.0,5099.0,9620.0,13387.0,5857.0,69538.0,10571.0,37960.0,9797.0,13704.0,6307.0,1625.0,1163.0,24820.0,detroit
99758.0,39170.0,54234.0,323.0,110.0,212.0,962.0,1129.0,1035.0,1397.0,439.0,11018.0,2470.0,6396.0,2213.0,1316.0,1617.0,253.0,226.0,23131.0,flint
192285.0,134449.0,39821.0,1500.0,862.0,1379.0,293.0,1758.0,752.0,1900.0,947.0,11928.0,4843.0,8381.0,4097.0,10346.0,4277.0,2008.0,1332.0,41669.0,grandrapids
75542.0,48603.0,17435.0,175.0,336.0,91.0,0.0,207.0,172.0,415.0,105.0,3863.0,1273.0,3833.0,1744.0,3553.0,1165.0,358.0,591.0,33766.0,kalamazoo
114113.0,71643.0,22961.0,457.0,328.0,37.0,495.0,303.0,1475.0,503.0,752.0,9508.0,3385.0,6895.0,2656.0,4851.0,1838.0,459.0,608.0,33356.0,lansing
9895622.0,7829056.0,1378237.0,36267.0,9963.0,17741.0,45807.0,42243.0,69338.0,83669.0,57715.0,964638.0,235037.0,519994.0,249682.0,521373.0,230186.0,63550.0,49771.0,48273.0,northernmichigan
9895622.0,7829056.0,1378237.0,36267.0,9963.0,17741.0,45807.0,42243.0,69338.0,83669.0,57715.0,964638.0,235037.0,519994.0,249682.0,521373.0,230186.0,63550.0,49771.0,48273.0,swmi
9895622.0,7829056.0,1378237.0,36267.0,9963.0,17741.0,45807.0,42243.0,69338.0,83669.0,57715.0,964638.0,235037.0,519994.0,249682.0,521373.0,230186.0,63550.0,49771.0,48273.0,up
86125.0,77172.0,,198.0,111.0,61.0,402.0,239.0,376.0,667.0,586.0,6088.0,2127.0,4395.0,2700.0,5166.0,1205.0,527.0,499.0,42176.0,duluth
5420380.0,4596087.0,294527.0,14637.0,3694.0,10378.0,24452.0,15745.0,22970.0,25777.0,26414.0,490154.0,112173.0,274644.0,173308.0,385812.0,124408.0,43743.0,29074.0,60702.0,minneapolis
110731.0,90673.0,,84.0,0.0,31.0,413.0,255.0,226.0,208.0,212.0,8247.0,2191.0,5716.0,2643.0,7786.0,2566.0,2514.0,1816.0,62152.0,rochestermn
67754.0,57224.0,,355.0,0.0,104.0,168.0,59.0,211.0,396.0,127.0,6127.0,1208.0,2635.0,2022.0,3122.0,879.0,473.0,580.0,45091.0,stcloud
172585.0,29874.0,140976.0,1091.0,381.0,209.0,1708.0,751.0,1408.0,2595.0,1133.0,13776.0,2531.0,7570.0,2647.0,7214.0,1927.0,1667.0,665.0,29811.0,jackson
2991207.0,1764640.0,1128280.0,13066.0,8472.0,13532.0,31717.0,22606.0,30648.0,36440.0,19222.0,299216.0,53038.0,148776.0,62160.0,110482.0,40460.0,13552.0,9844.0,37963.0,northmiss
6044171.0,5003971.0,692288.0,15505.0,4119.0,9180.0,45646.0,29419.0,43128.0,48670.0,33778.0,644374.0,132954.0,291685.0,125018.0,326824.0,128666.0,38297.0,26761.0,46931.0,columbiamo
467082.0,278765.0,131562.0,994.0,444.0,825.0,3131.0,2986.0,2846.0,4908.0,3281.0,39958.0,9544.0,24960.0,10040.0,31205.0,11889.0,4139.0,1934.0,45551.0,kc
6044171.0,5003971.0,692288.0,15505.0,4119.0,9180.0,45646.0,29419.0,43128.0,48670.0,33778.0,644374.0,132954.0,291685.0,125018.0,326824.0,128666.0,38297.0,26761.0,46931.0,loz
6044171.0,5003971.0,692288.0,15505.0,4119.0,9180.0,45646.0,29419.0,43128.0,48670.0,33778.0,644374.0,132954.0,291685.0,125018.0,326824.0,128666.0,38297.0,26761.0,46931.0,semo
164133.0,143982.0,,222.0,0.0,1096.0,942.0,490.0,1488.0,808.0,1049.0,15052.0,4091.0,7273.0,3661.0,7315.0,2349.0,1158.0,1330.0,30445.0,springfieldmo
77845.0,69192.0,,249.0,44.0,149.0,529.0,421.0,603.0,739.0,220.0,11524.0,2300.0,3703.0,1200.0,2544.0,811.0,275.0,398.0,41532.0,stjoseph
318416.0,147036.0,152570.0,1553.0,619.0,629.0,3130.0,2079.0,2895.0,3519.0,2395.0,24070.0,5948.0,15657.0,7290.0,20544.0,8087.0,2273.0,3074.0,34488.0,stlouis
109062.0,96902.0,,309.0,0.0,0.0,376.0,418.0,579.0,948.0,554.0,10491.0,2401.0,7003.0,2431.0,5980.0,2754.0,631.0,181.0,49247.0,billings
1015165.0,904740.0,,2175.0,508.0,739.0,4200.0,3733.0,5396.0,6001.0,4629.0,104239.0,24106.0,63831.0,26863.0,63290.0,20855.0,6682.0,4518.0,46972.0,butte
69116.0,62876.0,,234.0,0.0,47.0,137.0,109.0,0.0,595.0,79.0,3800.0,1400.0,5715.0,881.0,4974.0,1999.0,846.0,517.0,44232.0,missoula
268743.0,228457.0,12271.0,490.0,548.0,630.0,584.0,653.0,634.0,1471.0,1176.0,19666.0,5573.0,11908.0,9288.0,18939.0,6039.0,1919.0,2296.0,49419.0,lincoln
434353.0,343081.0,54315.0,2429.0,1192.0,3611.0,1952.0,2809.0,2217.0,3145.0,2219.0,30086.0,9011.0,24107.0,9301.0,29722.0,8792.0,4933.0,2410.0,47512.0,omaha
603525.0,376135.0,73355.0,2865.0,1370.0,7400.0,2444.0,4481.0,4406.0,5451.0,6405.0,57116.0,12882.0,35964.0,14782.0,28470.0,8890.0,4478.0,1660.0,49289.0,lasvegas
233306.0,188632.0,,1252.0,325.0,2097.0,1380.0,1346.0,1137.0,1494.0,1316.0,19040.0,5565.0,13677.0,5583.0,15874.0,4668.0,2107.0,1696.0,48740.0,reno
8899339.0,6068475.0,1215836.0,37361.0,23276.0,48307.0,50201.0,37922.0,43931.0,51299.0,49438.0,830902.0,138208.0,348607.0,163146.0,659671.0,280280.0,84024.0,53406.0,70165.0,centraljersey
8899339.0,6068475.0,1215836.0,37361.0,23276.0,48307.0,50201.0,37922.0,43931.0,51299.0,49438.0,830902.0,138208.0,348607.0,163146.0,659671.0,280280.0,84024.0,53406.0,70165.0,jerseyshore
8899339.0,6068475.0,1215836.0,37361.0,23276.0,48307.0,50201.0,37922.0,43931.0,51299.0,49438.0,830902.0,138208.0,348607.0,163146.0,659671.0,280280.0,84024.0,53406.0,70165.0,northjersey
8899339.0,6068475.0,1215836.0,37361.0,23276.0,48307.0,50201.0,37922.0,43931.0,51299.0,49438.0,830902.0,138208.0,348607.0,163146.0,659671.0,280280.0,84024.0,53406.0,70165.0,southjersey
556489.0,434500.0,19847.0,2817.0,1568.0,1832.0,1551.0,3343.0,2096.0,2300.0,2393.0,44161.0,9505.0,32986.0,11921.0,32062.0,18785.0,4649.0,6068.0,48357.0,albuquerque
2085287.0,1569585.0,41733.0,10624.0,8928.0,16943.0,12186.0,12490.0,15056.0,19464.0,10303.0,191755.0,35383.0,116682.0,43263.0,94375.0,48929.0,11245.0,16218.0,43872.0,clovis
101317.0,87633.0,,552.0,284.0,440.0,327.0,397.0,363.0,1015.0,179.0,6361.0,1882.0,4862.0,1640.0,6504.0,2300.0,584.0,820.0,39495.0,lascruces
2085287.0,1569585.0,41733.0,10624.0,8928.0,16943.0,12186.0,12490.0,15056.0,19464.0,10303.0,191755.0,35383.0,116682.0,43263.0,94375.0,48929.0,11245.0,16218.0,43872.0,roswell
69969.0,57433.0,,198.0,57.0,133.0,170.0,77.0,92.0,114.0,379.0,4793.0,1009.0,2925.0,1350.0,6571.0,2948.0,1280.0,1509.0,49445.0,santafe
98441.0,57073.0,27932.0,246.0,19.0,354.0,308.0,295.0,226.0,548.0,471.0,8096.0,1292.0,3274.0,2592.0,7281.0,2655.0,703.0,928.0,37097.0,albany
258945.0,123198.0,96248.0,1676.0,308.0,379.0,1568.0,1400.0,1599.0,2656.0,2095.0,24378.0,4101.0,12266.0,5400.0,12514.0,5001.0,1761.0,1073.0,32392.0,buffalo
19651127.0,12695280.0,3079582.0,123824.0,56933.0,124944.0,125598.0,105547.0,119699.0,137691.0,152777.0,1734066.0,294819.0,767354.0,488762.0,1245430.0,575066.0,197830.0,109255.0,57369.0,catskills
19651127.0,12695280.0,3079582.0,123824.0,56933.0,124944.0,125598.0,105547.0,119699.0,137691.0,152777.0,1734066.0,294819.0,767354.0,488762.0,1245430.0,575066.0,197830.0,109255.0,57369.0,fingerlakes
19651127.0,12695280.0,3079582.0,123824.0,56933.0,124944.0,125598.0,105547.0,119699.0,137691.0,152777.0,1734066.0,294819.0,767354.0,488762.0,1245430.0,575066.0,197830.0,109255.0,57369.0,hudsonvalley
19651127.0,12695280.0,3079582.0,123824.0,56933.0,124944.0,125598.0,105547.0,119699.0,137691.0,152777.0,1734066.0,294819.0,767354.0,488762.0,1245430.0,575066.0,197830.0,109255.0,57369.0,longisland
210345.0,95512.0,86081.0,1043.0,729.0,860.0,1323.0,1105.0,2526.0,2954.0,1997.0,18104.0,4153.0,7477.0,5701.0,9857.0,3971.0,910.0,436.0,30158.0,rochester
144675.0,79566.0,42312.0,1320.0,291.0,486.0,557.0,772.0,1448.0,2104.0,981.0,11526.0,1582.0,5331.0,3584.0,5202.0,2418.0,1107.0,1037.0,31683.0,syracuse
19651127.0,12695280.0,3079582.0,123824.0,56933.0,124944.0,125598.0,105547.0,119699.0,137691.0,152777.0,1734066.0,294819.0,767354.0,488762.0,1245430.0,575066.0,197830.0,109255.0,57369.0,twintiers
968802.0,637080.0,138762.0,3321.0,3842.0,10800.0,6013.0,3226.0,4582.0,4500.0,5519.0,60694.0,12741.0,35213.0,16867.0,71120.0,42734.0,20926.0,8362.0,84220.0,westchester
87251.0,72333.0,11097.0,251.0,0.0,77.0,139.0,230.0,559.0,39.0,259.0,6566.0,969.0,3841.0,1874.0,8163.0,3539.0,1190.0,788.0,42558.0,asheville
792849.0,394713.0,284328.0,2984.0,2779.0,5142.0,3635.0,4518.0,4428.0,3516.0,4754.0,45946.0,11712.0,37106.0,13078.0,67889.0,22838.0,6268.0,3248.0,51034.0,charlotte
9848060.0,6811501.0,2121712.0,48874.0,25557.0,46042.0,73468.0,81901.0,89045.0,82080.0,51691.0,854708.0,189849.0,466883.0,231495.0,560029.0,199681.0,57667.0,51131.0,45906.0,easternnc
204401.0,96999.0,85379.0,508.0,410.0,250.0,297.0,658.0,462.0,1554.0,1214.0,13417.0,5355.0,14428.0,6532.0,11048.0,2988.0,871.0,839.0,44924.0,fayettevillenc
279651.0,140880.0,114751.0,1129.0,570.0,388.0,1424.0,604.0,1853.0,2014.0,523.0,20380.0,3029.0,14857.0,5048.0,20553.0,7554.0,2461.0,2398.0,41150.0,greensboro
9848060.0,6811501.0,2121712.0,48874.0,25557.0,46042.0,73468.0,81901.0,89045.0,82080.0,51691.0,854708.0,189849.0,466883.0,231495.0,560029.0,199681.0,57667.0,51131.0,45906.0,outerbanks
431897.0,255147.0,126279.0,1709.0,1028.0,3286.0,1824.0,2299.0,2230.0,1868.0,1115.0,21209.0,5078.0,17122.0,8522.0,44546.0,13877.0,3690.0,3029.0,55170.0,raleigh
112072.0,85947.0,20637.0,264.0,281.0,410.0,622.0,639.0,507.0,749.0,211.0,7147.0,1977.0,5003.0,2597.0,8684.0,3172.0,1275.0,1053.0,42834.0,wilmington
9848060.0,6811501.0,2121712.0,48874.0,25557.0,46042.0,73468.0,81901.0,89045.0,82080.0,51691.0,854708.0,189849.0,466883.0,231495.0,560029.0,199681.0,57667.0,51131.0,45906.0,winstonsalem
66063.0,60831.0,,88.0,224.0,0.0,514.0,88.0,204.0,378.0,178.0,5516.0,2385.0,2151.0,2739.0,5452.0,818.0,802.0,297.0,56545.0,bismarck
112510.0,100838.0,,444.0,0.0,85.0,764.0,33.0,203.0,586.0,435.0,7137.0,1389.0,5670.0,3711.0,8666.0,2226.0,678.0,707.0,44845.0,fargo
11570808.0,9541274.0,1405148.0,37398.0,9691.0,14187.0,62636.0,55979.0,87569.0,95076.0,67963.0,1302467.0,250483.0,513048.0,257962.0,613646.0,241889.0,76895.0,49620.0,48081.0,akroncanton
297498.0,155675.0,123578.0,1906.0,508.0,337.0,953.0,2056.0,1884.0,3963.0,2149.0,26359.0,4473.0,13624.0,5303.0,18708.0,6898.0,2803.0,1560.0,34605.0,cincinnati
390106.0,156131.0,202393.0,2021.0,452.0,1215.0,3458.0,2628.0,6821.0,6710.0,3562.0,41033.0,8614.0,17044.0,6012.0,12204.0,3719.0,1695.0,976.0,26096.0,cleveland
822762.0,508169.0,224394.0,4407.0,1025.0,1442.0,3458.0,4568.0,6199.0,7440.0,3796.0,68877.0,15533.0,40376.0,15465.0,54904.0,19188.0,5033.0,4787.0,44426.0,columbus
143355.0,78149.0,57086.0,287.0,431.0,203.0,969.0,1404.0,1733.0,1277.0,1026.0,13492.0,2809.0,7520.0,3515.0,4775.0,2330.0,681.0,479.0,28965.0,dayton
11570808.0,9541274.0,1405148.0,37398.0,9691.0,14187.0,62636.0,55979.0,87569.0,95076.0,67963.0,1302467.0,250483.0,513048.0,257962.0,613646.0,241889.0,76895.0,49620.0,48081.0,huntingtonoh
11570808.0,9541274.0,1405148.0,37398.0,9691.0,14187.0,62636.0,55979.0,87569.0,95076.0,67963.0,1302467.0,250483.0,513048.0,257962.0,613646.0,241889.0,76895.0,49620.0,48081.0,limaoh
282313.0,181978.0,74982.0,1359.0,323.0,536.0,1791.0,1312.0,2686.0,4514.0,3518.0,29977.0,6057.0,15909.0,7417.0,9042.0,2708.0,601.0,766.0,31907.0,toledo
92672.0,88507.0,,234.0,0.0,0.0,939.0,270.0,955.0,993.0,567.0,15278.0,2160.0,3346.0,1681.0,2346.0,1121.0,202.0,328.0,44130.0,tuscarawas
65174.0,32036.0,27488.0,99.0,155.0,237.0,331.0,309.0,1162.0,957.0,855.0,8477.0,1426.0,2825.0,877.0,1682.0,404.0,211.0,194.0,24767.0,youngstown
11570808.0,9541274.0,1405148.0,37398.0,9691.0,14187.0,62636.0,55979.0,87569.0,95076.0,67963.0,1302467.0,250483.0,513048.0,257962.0,613646.0,241889.0,76895.0,49620.0,48081.0,zanesville
97142.0,58982.0,20510.0,130.0,34.0,107.0,436.0,513.0,313.0,933.0,495.0,9112.0,2317.0,7340.0,1267.0,4906.0,912.0,284.0,84.0,37197.0,lawton
610617.0,419802.0,86352.0,2896.0,1599.0,7316.0,3482.0,5878.0,3860.0,7061.0,4529.0,45677.0,11854.0,34444.0,11619.0,35529.0,10278.0,4830.0,1822.0,46232.0,oklahomacity
398724.0,261172.0,60285.0,1877.0,1150.0,2342.0,1750.0,3008.0,2081.0,3138.0,1980.0,32925.0,6669.0,19297.0,8143.0,26951.0,7656.0,3995.0,1753.0,41495.0,tulsa
81236.0,74156.0,,0.0,0.0,189.0,0.0,97.0,303.0,67.0,267.0,4966.0,1942.0,5339.0,1692.0,7358.0,2329.0,1125.0,331.0,48014.0,bend
3930065.0,3370391.0,72655.0,14876.0,8555.0,17308.0,17694.0,15835.0,22358.0,25186.0,23708.0,323394.0,103640.0,232727.0,102337.0,256042.0,98373.0,30316.0,25586.0,50251.0,eastoregon
159161.0,132965.0,,137.0,0.0,725.0,180.0,472.0,443.0,402.0,331.0,10232.0,3752.0,10445.0,3288.0,11196.0,4179.0,1401.0,1787.0,45573.0,eugene
77680.0,70335.0,,426.0,668.0,429.0,189.0,160.0,414.0,886.0,531.0,6020.0,2178.0,4565.0,1375.0,4274.0,1662.0,522.0,290.0,39798.0,medford
3930065.0,3370391.0,72655.0,14876.0,8555.0,17308.0,17694.0,15835.0,22358.0,25186.0,23708.0,323394.0,103640.0,232727.0,102337.0,256042.0,98373.0,30316.0,25586.0,50251.0,oregoncoast
611134.0,474549.0,35745.0,3577.0,2035.0,2117.0,2247.0,1787.0,3179.0,2866.0,3537.0,38324.0,12659.0,34090.0,14582.0,58546.0,23427.0,9313.0,5171.0,55571.0,portland
160618.0,132125.0,,369.0,680.0,769.0,549.0,906.0,1083.0,682.0,1196.0,15432.0,3465.0,8265.0,3756.0,8383.0,3549.0,1161.0,754.0,43436.0,salem
118577.0,68390.0,16274.0,976.0,479.0,1222.0,1112.0,506.0,775.0,1556.0,1208.0,13192.0,2914.0,3416.0,2352.0,3191.0,825.0,484.0,96.0,36655.0,allentown
100676.0,76294.0,15993.0,858.0,47.0,197.0,173.0,438.0,823.0,745.0,652.0,13442.0,1236.0,2894.0,2098.0,5556.0,1059.0,354.0,159.0,32508.0,erie
1553165.0,646435.0,670482.0,9366.0,4242.0,5407.0,8374.0,7062.0,16789.0,19141.0,15356.0,162651.0,22481.0,58454.0,19704.0,73552.0,27787.0,11546.0,7294.0,36836.0,philadelphia
305838.0,207899.0,72398.0,1008.0,121.0,181.0,799.0,1248.0,1004.0,1959.0,1509.0,26972.0,5189.0,10079.0,7716.0,20775.0,10356.0,4385.0,3975.0,42004.0,pittsburgh
12773801.0,10427694.0,1409021.0,46633.0,11767.0,22213.0,75507.0,54535.0,90794.0,96427.0,72759.0,1546864.0,224117.0,461443.0,299786.0,743127.0,301755.0,99901.0,74244.0,52007.0,poconos
75814.0,65569.0,,461.0,72.0,181.0,457.0,456.0,537.0,1308.0,204.0,8214.0,1064.0,2623.0,1676.0,3612.0,1238.0,685.0,236.0,38810.0,scranton
130428.0,96793.0,29593.0,232.0,198.0,161.0,268.0,224.0,733.0,86.0,270.0,7856.0,1603.0,6165.0,2247.0,13321.0,4006.0,2354.0,1353.0,54970.0,charleston
133377.0,67338.0,55072.0,202.0,100.0,1547.0,431.0,587.0,646.0,1318.0,328.0,6608.0,2438.0,6198.0,2847.0,8561.0,3372.0,1638.0,1153.0,41095.0,columbia
66832.0,50659.0,13901.0,377.0,0.0,367.0,569.0,92.0,334.0,356.0,559.0,6756.0,1033.0,3557.0,1418.0,3528.0,1134.0,294.0,143.0,42296.0,hiltonhead
70810.0,55323.0,,122.0,0.0,0.0,104.0,180.0,206.0,68.0,204.0,6860.0,2009.0,3905.0,2871.0,3302.0,1832.0,412.0,535.0,44960.0,rapidcity
163629.0,141676.0,,590.0,0.0,257.0,486.0,277.0,454.0,773.0,772.0,13981.0,2487.0,8418.0,6119.0,12368.0,3439.0,1799.0,733.0,51158.0,siouxfalls
173375.0,103813.0,61264.0,617.0,238.0,598.0,1296.0,1017.0,1417.0,1515.0,1072.0,14902.0,2753.0,11365.0,2716.0,10233.0,2846.0,1240.0,727.0,39475.0,chattanooga
142355.0,95372.0,30729.0,650.0,0.0,85.0,429.0,72.0,268.0,317.0,393.0,10755.0,4802.0,9278.0,4575.0,7709.0,1398.0,207.0,123.0,47631.0,clarksville
183261.0,142222.0,29541.0,431.0,350.0,484.0,859.0,1217.0,1001.0,908.0,802.0,17574.0,2992.0,7291.0,4325.0,9900.0,3827.0,2431.0,1023.0,35254.0,knoxville
653450.0,197962.0,411962.0,2839.0,1991.0,2936.0,3504.0,5015.0,5740.0,10996.0,5757.0,54474.0,9416.0,32842.0,9474.0,29183.0,8431.0,4957.0,3450.0,36722.0,memphis
6495978.0,5060129.0,1102455.0,25377.0,14712.0,22704.0,62120.0,41893.0,55509.0,63969.0,38871.0,701268.0,128148.0,306413.0,114231.0,328923.0,109796.0,42993.0,31095.0,44297.0,nashville
6495978.0,5060129.0,1102455.0,25377.0,14712.0,22704.0,62120.0,41893.0,55509.0,63969.0,38871.0,701268.0,128148.0,306413.0,114231.0,328923.0,109796.0,42993.0,31095.0,44297.0,tricities
119036.0,93231.0,11453.0,442.0,206.0,742.0,1510.0,704.0,1306.0,1009.0,809.0,11423.0,2256.0,6334.0,1814.0,5717.0,1715.0,697.0,259.0,43059.0,abilene
196691.0,164749.0,12391.0,578.0,878.0,1724.0,961.0,819.0,1124.0,2381.0,1595.0,14631.0,4560.0,12073.0,4077.0,8847.0,3124.0,860.0,440.0,45818.0,amarillo
885415.0,688286.0,65314.0,3358.0,2509.0,8933.0,3449.0,4712.0,3931.0,3741.0,3295.0,49231.0,11457.0,45484.0,14452.0,85136.0,35131.0,9346.0,8340.0,56351.0,austin
117808.0,53857.0,56669.0,311.0,923.0,317.0,549.0,966.0,575.0,1003.0,575.0,11192.0,1272.0,5995.0,2440.0,5709.0,1372.0,444.0,407.0,40322.0,beaumont
181850.0,170101.0,,1284.0,1386.0,2499.0,1817.0,2280.0,1355.0,2310.0,1193.0,11617.0,2603.0,5846.0,2250.0,5289.0,1432.0,1673.0,143.0,33821.0,brownsville
100036.0,79275.0,,158.0,272.0,103.0,51.0,10.0,335.0,119.0,285.0,2511.0,619.0,4222.0,688.0,4859.0,3172.0,403.0,2207.0,31940.0,collegestation
316389.0,264567.0,13646.0,1966.0,1284.0,2049.0,1862.0,2313.0,3329.0,2663.0,2381.0,29252.0,7144.0,18196.0,6848.0,12116.0,4779.0,852.0,1272.0,49686.0,corpuschristi
1257676.0,747660.0,305645.0,10371.0,10880.0,25329.0,11455.0,19084.0,10112.0,12161.0,7459.0,83226.0,13163.0,52676.0,16387.0,75632.0,29519.0,13170.0,5819.0,41978.0,dallas
123105.0,94701.0,15151.0,741.0,365.0,1412.0,344.0,518.0,475.0,345.0,309.0,6551.0,1760.0,7002.0,3047.0,6254.0,4852.0,455.0,1153.0,43976.0,denton
674438.0,570340.0,24351.0,5753.0,3885.0,8300.0,4191.0,4158.0,3981.0,3141.0,5136.0,43755.0,10943.0,39416.0,14621.0,28136.0,10232.0,3267.0,2296.0,41129.0,elpaso
794189.0,492980.0,146387.0,4710.0,3630.0,9645.0,4166.0,6990.0,4897.0,6678.0,4834.0,57865.0,12589.0,36011.0,12983.0,41714.0,16709.0,3595.0,2510.0,52430.0,fortworth
2197374.0,1289328.0,508643.0,20452.0,16749.0,44387.0,19323.0,20917.0,13986.0,18550.0,15223.0,162623.0,26639.0,93730.0,30556.0,129685.0,55041.0,20717.0,13062.0,45353.0,houston
137160.0,63674.0,47082.0,375.0,64.0,287.0,307.0,309.0,267.0,389.0,155.0,11935.0,3538.0,9650.0,5024.0,5661.0,1354.0,68.0,41.0,48066.0,killeen
249085.0,237387.0,,1782.0,1078.0,5131.0,2427.0,3658.0,1982.0,1022.0,1851.0,18524.0,4498.0,8219.0,4004.0,7063.0,2467.0,614.0,520.0,40599.0,laredo
239544.0,183737.0,20194.0,698.0,520.0,1358.0,1614.0,764.0,1916.0,1304.0,863.0,17326.0,5065.0,11947.0,3842.0,11050.0,4173.0,1258.0,1795.0,45728.0,lubbock
136631.0,120782.0,,991.0,1012.0,2489.0,1210.0,2606.0,1343.0,63.0,1042.0,7934.0,1626.0,6872.0,2641.0,7081.0,1769.0,850.0,304.0,38223.0,mcallen
26448193.0,19840367.0,3142866.0,154360.0,134455.0,278151.0,190325.0,225045.0,175103.0,203883.0,147699.0,2086940.0,476757.0,1309035.0,496524.0,1454509.0,536541.0,151871.0,109025.0,51704.0,arlington
110406.0,90079.0,,831.0,781.0,1364.0,480.0,1066.0,750.0,2765.0,614.0,9196.0,2789.0,6212.0,972.0,3617.0,915.0,279.0,151.0,58702.0,odessa
1409000.0,1115376.0,100363.0,8303.0,5164.0,11869.0,9944.0,10355.0,9044.0,11690.0,7406.0,118233.0,23987.0,64331.0,30008.0,73824.0,26594.0,8417.0,5407.0,45399.0,sanantonio
26448193.0,19840367.0,3142866.0,154360.0,134455.0,278151.0,190325.0,225045.0,175103.0,203883.0,147699.0,2086940.0,476757.0,1309035.0,496524.0,1454509.0,536541.0,151871.0,109025.0,51704.0,texoma
100217.0,71637.0,23255.0,575.0,539.0,1358.0,824.0,397.0,405.0,712.0,414.0,5821.0,2526.0,4520.0,2062.0,4862.0,1678.0,1052.0,579.0,44467.0,tyler
65097.0,55568.0,,210.0,177.0,421.0,141.0,358.0,595.0,835.0,539.0,7757.0,2171.0,2019.0,1483.0,1838.0,879.0,173.0,202.0,50592.0,victoriatx
129031.0,83488.0,25576.0,1057.0,593.0,974.0,802.0,1486.0,1079.0,939.0,543.0,9711.0,1744.0,4500.0,2435.0,3933.0,1112.0,716.0,750.0,32149.0,waco
104900.0,81388.0,13437.0,148.0,215.0,477.0,404.0,924.0,1158.0,624.0,226.0,10513.0,2431.0,6411.0,1919.0,4223.0,1659.0,899.0,411.0,42129.0,wichitafalls
84239.0,74874.0,,945.0,193.0,414.0,80.0,520.0,363.0,1071.0,912.0,8661.0,1635.0,5164.0,1478.0,3333.0,1187.0,231.0,213.0,39357.0,ogden
116289.0,100000.0,,268.0,143.0,312.0,221.0,0.0,106.0,293.0,530.0,2470.0,1494.0,5925.0,2274.0,5583.0,2237.0,598.0,1308.0,38877.0,provo
191160.0,139809.0,,537.0,905.0,2413.0,237.0,891.0,83.0,1630.0,868.0,10675.0,2985.0,11152.0,4111.0,14076.0,6646.0,3079.0,3264.0,50827.0,saltlakecity
76824.0,69773.0,,137.0,0.0,580.0,373.0,83.0,137.0,229.0,304.0,3948.0,1070.0,4002.0,1864.0,5869.0,1605.0,1268.0,1232.0,53524.0,stgeorge
230571.0,144713.0,68899.0,577.0,3.0,305.0,1160.0,679.0,1334.0,1448.0,1019.0,22158.0,6389.0,12088.0,5766.0,11714.0,6462.0,1206.0,769.0,67252.0,chesapeake
136699.0,58817.0,69903.0,244.0,297.0,227.0,503.0,570.0,1052.0,1288.0,361.0,12493.0,3604.0,9751.0,3033.0,5628.0,2167.0,105.0,346.0,43785.0,hampton
78014.0,50278.0,21916.0,254.0,13.0,293.0,342.0,358.0,554.0,133.0,880.0,4754.0,880.0,3679.0,1164.0,4146.0,1822.0,728.0,312.0,40477.0,lynchburg
8260405.0,5726886.0,1592426.0,32330.0,13646.0,28028.0,56692.0,44220.0,55663.0,58425.0,42901.0,686376.0,149830.0,370532.0,164729.0,547448.0,297825.0,74582.0,57281.0,62666.0,blacksburg
182020.0,93041.0,73712.0,356.0,66.0,977.0,539.0,546.0,1659.0,2147.0,650.0,14237.0,4494.0,11657.0,4551.0,6804.0,4136.0,761.0,597.0,49184.0,newportnews
246139.0,119451.0,102683.0,806.0,251.0,1131.0,672.0,1591.0,2298.0,2462.0,1424.0,19966.0,4577.0,14058.0,5431.0,12899.0,4764.0,1624.0,801.0,44030.0,norfolk
96205.0,39532.0,50229.0,658.0,0.0,255.0,939.0,742.0,717.0,1188.0,603.0,10808.0,2179.0,5023.0,1313.0,3353.0,1726.0,321.0,268.0,43904.0,portsmouth
214114.0,94420.0,102491.0,1040.0,847.0,1352.0,1124.0,1765.0,2105.0,2278.0,1391.0,16566.0,2491.0,10563.0,2652.0,13117.0,6602.0,2520.0,1644.0,39193.0,richmond
98465.0,64840.0,26127.0,684.0,0.0,546.0,709.0,588.0,1420.0,561.0,560.0,10770.0,2088.0,4078.0,1317.0,4749.0,2301.0,884.0,159.0,36651.0,roanoke
8260405.0,5726886.0,1592426.0,32330.0,13646.0,28028.0,56692.0,44220.0,55663.0,58425.0,42901.0,686376.0,149830.0,370532.0,164729.0,547448.0,297825.0,74582.0,57281.0,62666.0,swva
85728.0,44893.0,35914.0,211.0,0.0,327.0,445.0,538.0,806.0,871.0,339.0,7292.0,2269.0,3757.0,2564.0,4414.0,1701.0,398.0,344.0,60637.0,suffolk
448479.0,306569.0,84836.0,386.0,189.0,162.0,661.0,881.0,1206.0,2008.0,1479.0,33659.0,11457.0,28352.0,14110.0,31215.0,11460.0,4420.0,1210.0,62855.0,virginiabeach
82635.0,69177.0,,274.0,17.0,81.0,40.0,179.0,454.0,153.0,225.0,4643.0,1926.0,4303.0,2348.0,5889.0,1958.0,744.0,630.0,39301.0,bellingham
105355.0,83349.0,,284.0,64.0,0.0,269.0,292.0,910.0,430.0,373.0,9890.0,2888.0,6694.0,4589.0,7039.0,1694.0,566.0,0.0,50874.0,everett
6971406.0,5439705.0,259337.0,24257.0,14653.0,26079.0,28900.0,27563.0,35228.0,40740.0,46903.0,546111.0,165206.0,386565.0,205813.0,481382.0,190248.0,54214.0,41029.0,58405.0,mtvernon
652429.0,459360.0,46431.0,2201.0,1267.0,867.0,1545.0,2652.0,1615.0,1969.0,2805.0,27289.0,8824.0,35160.0,13518.0,83190.0,34163.0,13174.0,9162.0,70172.0,seattle
6971406.0,5439705.0,259337.0,24257.0,14653.0,26079.0,28900.0,27563.0,35228.0,40740.0,46903.0,546111.0,165206.0,386565.0,205813.0,481382.0,190248.0,54214.0,41029.0,58405.0,spokane
203451.0,139048.0,16976.0,1589.0,365.0,743.0,582.0,799.0,1448.0,2703.0,2006.0,17116.0,4467.0,12091.0,5449.0,11569.0,4040.0,1215.0,712.0,50807.0,tacoma
6971406.0,5439705.0,259337.0,24257.0,14653.0,26079.0,28900.0,27563.0,35228.0,40740.0,46903.0,546111.0,165206.0,386565.0,205813.0,481382.0,190248.0,54214.0,41029.0,58405.0,tricitieswa
93260.0,62853.0,,398.0,969.0,1656.0,608.0,848.0,2181.0,660.0,310.0,7029.0,1582.0,4021.0,2031.0,2013.0,1502.0,276.0,248.0,36116.0,yakima
8260405.0,5726886.0,1592426.0,32330.0,13646.0,28028.0,56692.0,44220.0,55663.0,58425.0,42901.0,686376.0,149830.0,370532.0,164729.0,547448.0,297825.0,74582.0,57281.0,62666.0,southernwestvirginia
74124.0,62205.0,,599.0,0.0,36.0,112.0,412.0,64.0,325.0,692.0,6066.0,1643.0,3781.0,2730.0,4587.0,1584.0,435.0,318.0,52088.0,appleton
67155.0,61802.0,,186.0,49.0,0.0,183.0,0.0,165.0,202.0,301.0,5636.0,1484.0,4164.0,1878.0,2863.0,1182.0,214.0,235.0,42548.0,eauclaire
104773.0,82682.0,,770.0,331.0,317.0,731.0,612.0,614.0,880.0,1539.0,10295.0,2155.0,3254.0,3813.0,5796.0,1076.0,746.0,219.0,42519.0,greenbay
243337.0,194764.0,17257.0,490.0,241.0,425.0,477.0,735.0,285.0,833.0,714.0,10452.0,3455.0,11420.0,5448.0,23349.0,9738.0,3081.0,3892.0,49546.0,madison
599168.0,287529.0,233739.0,3411.0,1614.0,4520.0,3226.0,3362.0,5081.0,6847.0,5378.0,53844.0,7723.0,26589.0,11541.0,25997.0,8739.0,2668.0,1266.0,35186.0,milwaukee
78204.0,49253.0,17475.0,386.0,0.0,562.0,238.0,344.0,373.0,1305.0,1714.0,7674.0,1213.0,3523.0,1239.0,2661.0,862.0,155.0,298.0,41886.0,racine
